Workbook

Sheet ticket
A1: ticket_id | B1: created_at | C1: closed_at | D1: outlet_id | E1: cms_id | F1: same_day | G1: same_hour | H1: same_day_count | I1: same_hour_count
A2: isu-sjd-457 | B2: 44427.698 | C2: 44430.523 | D2: wrqy-juv-978 | E2: vew-iuvd-12 | F2: =IF(AND(ISNUMBER(B2),ISNUMBER(C2)),INT(B2)=INT(C2),"") -> FALSE | G2: =IF(AND(ISNUMBER(B2),ISNUMBER(C2)),TEXT(B2,"yyyy-mm-dd hh")=TEXT(C2,"yyyy-mm-dd hh"),"") -> FALSE | H2: =COUNTIFS(D:D,D2,F:F,TRUE) -> 0 | I2: =COUNTIFS(D:D,D2,G:G,TRUE) -> 0
A3: qer-fal-092 | B3: 44429.465 | C3: 44429.718 | D3: 8woh-k3u-23b | E3: vew-itnow-32 | F3: =IF(AND(ISNUMBER(B3),ISNUMBER(C3)),INT(B3)=INT(C3),"") -> TRUE | G3: =IF(AND(ISNUMBER(B3),ISNUMBER(C3)),TEXT(B3,"yyyy-mm-dd hh")=TEXT(C3,"yyyy-mm-dd hh"),"") -> FALSE | H3: =COUNTIFS(D:D,D3,F:F,TRUE) -> 1 | I3: =COUNTIFS(D:D,D3,G:G,TRUE) -> 0
B4: 44429.417 | C4: 44429.448 | F4: =IF(AND(ISNUMBER(B4),ISNUMBER(C4)),INT(B4)=INT(C4),"") -> TRUE | G4: =IF(AND(ISNUMBER(B4),ISNUMBER(C4)),TEXT(B4,"yyyy-mm-dd hh")=TEXT(C4,"yyyy-mm-dd hh"),"") -> TRUE | H4: =COUNTIFS(D:D,D4,F:F,TRUE) -> 0 | I4: =COUNTIFS(D:D,D4,G:G,TRUE) -> 0
B5: 44429.427 | C5: 44429.49 | D5: kwoh-k3u-25b | F5: =IF(AND(ISNUMBER(B5),ISNUMBER(C5)),INT(B5)=INT(C5),"") -> TRUE | G5: =IF(AND(ISNUMBER(B5),ISNUMBER(C5)),TEXT(B5,"yyyy-mm-dd hh")=TEXT(C5,"yyyy-mm-dd hh"),"") -> FALSE | H5: =COUNTIFS(D:D,D5,F:F,TRUE) -> 1 | I5: =COUNTIFS(D:D,D5,G:G,TRUE) -> 0
B6: 44429.379 | C6: 44429.406 | D6: y0oh-p3u-32k | F6: =IF(AND(ISNUMBER(B6),ISNUMBER(C6)),INT(B6)=INT(C6),"") -> TRUE | G6: =IF(AND(ISNUMBER(B6),ISNUMBER(C6)),TEXT(B6,"yyyy-mm-dd hh")=TEXT(C6,"yyyy-mm-dd hh"),"") -> TRUE | H6: =COUNTIFS(D:D,D6,F:F,TRUE) -> 1 | I6: =COUNTIFS(D:D,D6,G:G,TRUE) -> 1
A7: … | B7: … | D7: … … | E7: … | F7: =IF(AND(ISNUMBER(B7),ISNUMBER(C7)),INT(B7)=INT(C7),"") | G7: =IF(AND(ISNUMBER(B7),ISNUMBER(C7)),TEXT(B7,"yyyy-mm-dd hh")=TEXT(C7,"yyyy-mm-dd hh"),"") | H7: =COUNTIFS(D:D,D7,F:F,TRUE) -> 0 | I7: =COUNTIFS(D:D,D7,G:G,TRUE) -> 0
F8: =IF(AND(ISNUMBER(B8),ISNUMBER(C8)),INT(B8)=INT(C8),"") | G8: =IF(AND(ISNUMBER(B8),ISNUMBER(C8)),TEXT(B8,"yyyy-mm-dd hh")=TEXT(C8,"yyyy-mm-dd hh"),"") | H8: =COUNTIFS(D:D,D8,F:F,TRUE) -> 0 | I8: =COUNTIFS(D:D,D8,G:G,TRUE) -> 0
G9: =IF(AND(ISNUMBER(B9),ISNUMBER(C9)),TEXT(B9,"yyyy-mm-dd hh")=TEXT(C9,"yyyy-mm-dd hh"),"") | H9: =COUNTIFS(D:D,D9,F:F,TRUE) -> 0 | I9: =COUNTIFS(D:D,D9,G:G,TRUE) -> 0
G10: =IF(AND(ISNUMBER(B10),ISNUMBER(C10)),TEXT(B10,"yyyy-mm-dd hh")=TEXT(C10,"yyyy-mm-dd hh"),"") | H10: =COUNTIFS(D:D,D10,F:F,TRUE) -> 0 | I10: =COUNTIFS(D:D,D10,G:G,TRUE) -> 0
G11: =IF(AND(ISNUMBER(B11),ISNUMBER(C11)),TEXT(B11,"yyyy-mm-dd hh")=TEXT(C11,"yyyy-mm-dd hh"),"") | H11: =COUNTIFS(D:D,D11,F:F,TRUE) -> 0 | I11: =COUNTIFS(D:D,D11,G:G,TRUE) -> 0

Sheet feedbacks
A1: cms_id | B1: feedback_at | C1: feedback_rating | D1: ticket_created_at
A2: vew-iuvd-12 | B2: 44429.56 | C2: 3 | D2: =IFERROR(_xlfn.XLOOKUP(A2,ticket!E:E,ticket!B:B),"") -> 44427.698
A3: vew-itnow-32 | D3: =IFERROR(_xlfn.XLOOKUP(A3,ticket!E:E,ticket!B:B),"") -> 44429.465
D4: =IFERROR(_xlfn.XLOOKUP(A4,ticket!E:E,ticket!B:B),"") -> 44429.417
D5: =IFERROR(_xlfn.XLOOKUP(A5,ticket!E:E,ticket!B:B),"") -> 44429.417
A6: … | B6: … | C6: … | D6: =IFERROR(_xlfn.XLOOKUP(A6,ticket!E:E,ticket!B:B),"") -> …
